,Player,Mat,Inns,Runs,Ave,SR,100,50
1,SR Tendulkar (INDIA),463,452,18426,44.83,86.23,49,96
2,KC Sangakkara (Asia/ICC/SL),404,380,14234,41.98,78.86,25,93
3,RT Ponting (AUS/ICC),375,365,13704,42.03,80.39,30,82
4,ST Jayasuriya (Asia/SL),445,433,13430,32.36,91.2,28,68
5,DPMD Jayawardene (Asia/SL),448,418,12650,33.37,78.96,19,77
6,Inzamam-ul-Haq (Asia/PAK),378,350,11739,39.52,74.24,10,83
7,V Kohli (INDIA),242,233,11609,59.84,93.28,43,55
8,JH Kallis (Afr/ICC/SA),328,314,11579,44.36,72.89,17,86
9,SC Ganguly (Asia/INDIA),311,300,11363,41.02,73.7,22,72
10,R Dravid (Asia/ICC/INDIA),344,318,10889,39.16,71.24,12,83
11,MS Dhoni (Asia/INDIA),350,297,10773,50.57,87.56,10,73
12,CH Gayle (ICC/WI),301,294,10480,37.83,87.19,25,54
13,BC Lara (ICC/WI),299,289,10405,40.48,79.51,19,63
14,TM Dilshan (SL),330,303,10290,39.27,86.23,22,47
15,Mohammad Yousuf (Asia/PAK),288,273,9720,41.71,75.1,15,64
16,AC Gilchrist (AUS/ICC),287,279,9619,35.89,96.94,16,55
17,AB de Villiers (Afr/SA),228,218,9577,53.5,101.09,25,53
18,M Azharuddin (INDIA),334,308,9378,36.92,74.02,7,58
19,PA de Silva (SL),308,296,9284,34.9,81.13,11,64
20,RG Sharma (INDIA),221,214,8944,49.14,88.88,28,43
21,Saeed Anwar (PAK),247,244,8824,39.21,80.67,20,43
22,S Chanderpaul (WI),268,251,8778,41.6,70.74,11,59
23,Yuvraj Singh (Asia/INDIA),304,278,8701,36.55,87.67,14,52
24,DL Haynes (WI),238,237,8648,41.37,63.09,17,57
25,MS Atapattu (SL),268,259,8529,37.57,67.72,11,59
26,ME Waugh (AUS),244,236,8500,39.35,76.9,18,50
27,LRPL Taylor (NZ),228,212,8376,47.86,83,20,50
28,V Sehwag (Asia/ICC/INDIA),251,245,8273,35.05,104.33,15,38
29,HM Amla (SA),181,178,8113,49.46,88.39,27,39
30,HH Gibbs (SA),248,240,8094,36.13,83.26,21,37
31,Shahid Afridi (Asia/ICC/PAK),398,369,8064,23.57,117,6,39
32,SP Fleming (ICC/NZ),280,269,8037,32.4,71.49,8,49
33,MJ Clarke (AUS),245,223,7981,44.58,78.98,8,58
34,SR Waugh (AUS),325,288,7569,32.9,75.91,3,45
35,Shoaib Malik (PAK),287,258,7534,34.55,81.9,9,44
36,A Ranatunga (SL),269,255,7456,35.84,77.9,4,49
37,Javed Miandad (PAK),233,218,7381,41.7,67.01,8,50
38,EJG Morgan (ENG/IRE),233,217,7348,39.71,91.24,13,46
39,Younis Khan (PAK),265,255,7249,31.24,75.29,7,48
40,Saleem Malik (PAK),283,256,7170,32.88,76.41,5,47
41,NJ Astle (NZ),223,217,7090,34.92,72.64,16,41
42,GC Smith (Afr/SA),197,194,6989,37.98,80.81,10,47
43,WU Tharanga (Asia/SL),235,223,6951,33.74,75.92,15,37
44,MG Bevan (AUS),232,196,6912,53.58,74.16,6,46
45,Tamim Iqbal (BDESH),204,202,6892,35.52,77.74,11,47
46,G Kirsten (SA),185,185,6798,40.95,72.04,13,45
47,A Flower (ZIM),213,208,6786,35.34,74.59,4,55
48,IVA Richards (WI),187,167,6721,47,90.2,11,45
49,MJ Guptill (NZ),179,176,6626,42.2,87.34,16,35
50,Mohammad Hafeez (PAK),218,216,6614,32.9,76.61,11,38
51,GW Flower (ZIM),221,214,6571,33.52,67.58,6,40
52,Ijaz Ahmed (PAK),250,232,6564,32.33,80.3,10,37
53,AR Border (AUS),273,252,6524,30.62,71.42,3,39
54,Shakib Al Hasan (BDESH),206,194,6323,37.86,82.75,9,47
55,BRM Taylor (ZIM),193,192,6293,35.55,76.22,10,38
56,RB Richardson (WI),224,217,6248,33.41,63.74,5,44
57,ML Hayden (AUS/ICC),161,155,6133,43.8,78.96,10,36
58,KS Williamson (NZ),149,142,6132,47.9,81.82,13,39
59,Mushfiqur Rahim (BDESH),216,202,6100,36.3,79.03,7,37
60,BB McCullum (NZ),260,228,6083,30.41,96.37,5,32
61,DM Jones (AUS),164,161,6068,44.61,72.56,7,46
62,DC Boon (AUS),181,177,5964,37.04,65.13,5,37
63,JN Rhodes (SA),245,220,5935,35.11,80.9,2,33
64,JE Root (ENG),143,135,5856,51.36,87.37,16,33
65,Rameez Raja (PAK),198,197,5841,32.09,63.31,9,31
66,AD Mathews (SL),214,184,5812,42.73,83.33,3,40
67,RR Sarwan (WI),181,169,5804,42.67,75.74,5,38
68,CL Hooper (WI),227,206,5761,35.34,76.63,7,29
69,SR Watson (AUS),190,169,5757,40.54,90.44,9,33
70,H Masakadza (ZIM),209,208,5658,27.73,73.21,5,34
71,SK Raina (INDIA),226,194,5615,35.31,93.5,5,36
72,MN Samuels (WI),207,196,5606,32.97,75.11,10,30
73,WJ Cronje (SA),188,175,5565,38.64,76.47,2,39
74,S Dhawan (INDIA),133,131,5518,44.5,94.01,17,27
75,F du Plessis (SA),143,136,5507,47.47,88.6,12,35
76,MEK Hussey (AUS),185,157,5442,48.15,87.16,3,39
77,IR Bell (ENG),161,157,5416,37.87,77.16,4,35
78,A Jadeja (INDIA),196,179,5359,37.47,69.8,6,30
79,DR Martyn (AUS),208,182,5346,40.8,77.73,5,37
80,G Gambhir (INDIA),147,143,5238,39.68,85.25,11,34
81,ADR Campbell (ZIM),188,184,5185,30.5,66.18,7,30
82,RS Mahanama (SL),213,198,5162,29.49,60.57,4,35
83,CG Greenidge (WI),128,127,5134,45.03,64.92,11,31
84,Misbah-ul-Haq (PAK),162,149,5122,43.4,73.75,0,42
85,JP Duminy (SA),199,179,5117,36.81,84.55,4,27
86,PD Collingwood (ENG),197,181,5092,35.36,76.98,5,26
87,A Symonds (AUS),198,161,5088,39.75,92.44,6,30
88,Abdul Razzaq (Asia/PAK),265,228,5080,29.7,81.25,3,23
89,DA Warner (AUS),116,114,4990,45.77,95.55,17,20
90,CL Cairns (ICC/NZ),215,193,4950,29.46,84.26,4,26
91,Q de Kock (SA),115,115,4907,45.01,95.2,14,24
92,Aamer Sohail (PAK),156,155,4780,31.86,65.5,5,31
93,CD McMillan (NZ),197,183,4707,28.18,75.94,3,28
94,MD Crowe (NZ),143,140,4704,38.55,72.63,4,34
95,MV Boucher (Afr/SA),295,221,4686,28.57,84.76,1,26
96,AJ Stewart (ENG),170,162,4677,31.6,68.36,4,28
97,AJ Finch (AUS),119,115,4559,40.34,89.51,15,24
98,SB Styris (NZ),188,161,4483,32.48,79.41,4,28
99,KP Pietersen (ENG/ICC),136,125,4440,40.73,86.58,9,25
100,NS Sidhu (INDIA),136,127,4413,37.08,69.72,6,33
101,CZ Harris (NZ),250,213,4379,29,66.51,1,16
102,GR Marsh (AUS),117,115,4357,39.97,55.93,9,22
103,E Chigumbura (Afr/ZIM),213,198,4340,25.23,80.02,2,19
104,ME Trescothick (ENG),123,122,4335,37.37,85.21,12,21
105,GA Gooch (ENG),125,122,4290,36.98,61.88,8,23
106,AJ Strauss (ENG),127,126,4205,35.63,80.94,6,27
107,K Srikkanth (INDIA),146,145,4091,29.01,71.74,4,27
108,PR Stirling (IRE),114,111,4038,37.04,87.27,8,23
109,WTS Porterfield (IRE),136,133,4037,31.05,69.38,11,17
110,AJ Lamb (ENG),122,118,4010,39.31,75.54,4,26
111,Mahmudullah (BDESH),185,160,3994,33.84,76.48,3,21
112,RP Arnold (SL),180,155,3950,35.26,72.57,1,28
113,AP Gurusinha (SL),147,143,3902,28.27,60.88,2,22
114,JG Wright (NZ),149,148,3891,26.46,57.18,1,24
115,DJ Cullinan (SA),138,133,3860,32.99,70.28,3,23
116,GA Hick (ENG),120,118,3846,37.33,74.08,5,27
117,JC Buttler (ENG),142,117,3843,40.88,119.83,9,20
118,SPD Smith (AUS),118,104,3810,41.41,86.31,8,23
119,HP Tillakaratne (SL),200,168,3789,29.6,57.51,2,13
120,N Kapil Dev (INDIA),225,198,3783,23.79,95.07,1,14
121,Wasim Akram (PAK),356,280,3717,16.52,88.33,0,6
122,SC Williams (ZIM),131,127,3717,34.1,81.76,3,31
123,RS Kaluwitharana (SL),189,181,3711,22.22,77.7,2,23
124,Imran Khan (PAK),175,151,3709,33.41,72.65,1,19
125,PV Simmons (WI),143,138,3675,28.93,67.96,5,18
126,NV Knight (ENG),100,100,3637,40.41,71.52,5,25
127,LD Chandimal (SL),146,132,3599,32.42,74.12,4,22
128,L Klusener (SA),171,137,3576,41.1,89.91,2,19
129,SM Pollock (Afr/ICC/SA),303,205,3519,26.45,86.69,1,14
130,MA Taylor (AUS),113,110,3514,32.23,59.46,1,28
131,DB Vengsarkar (INDIA),129,120,3508,34.73,67.73,1,23
132,KJ O'Brien (IRE),142,130,3490,30.88,88.98,2,18
133,Mohammad Ashraful (Asia/BDESH),177,169,3468,22.23,70.1,3,20
134,SO Tikolo (Afr/KENYA),135,130,3428,29.05,75.77,3,24
135,HH Dippenaar (Afr/SA),107,95,3421,42.23,67.78,4,26
136,A Flintoff (ENG/ICC),141,122,3394,32.01,88.82,3,18
137,T Taibu (Afr/ZIM),150,137,3393,29.25,67.58,2,22
138,JJ Roy (ENG),84,81,3381,42.79,107.4,9,18
139,KC Wessels (AUS/SA),109,105,3367,34.35,55.3,1,26
140,Babar Azam (PAK),74,72,3359,54.17,87.08,11,15
141,AC Parore (NZ),179,161,3314,25.68,68.09,1,14
142,Moin Khan (PAK),219,183,3266,23,81.3,0,12
143,Kamran Akmal (PAK),157,138,3236,26.09,83.94,5,10
144,AN Cook (ENG),92,92,3204,36.4,77.13,5,19
145,HDRL Thirimanne (SL),127,106,3194,34.71,72.27,4,21
146,Umar Akmal (PAK),121,110,3194,34.34,86.04,2,20
147,DI Gower (ENG),114,111,3170,30.77,75.15,7,12
148,KR Rutherford (NZ),121,115,3143,29.65,64.3,2,18
149,BJ Haddin (AUS),126,115,3122,31.53,84.24,2,16
150,RJ Shastri (INDIA),150,128,3108,29.04,61.07,4,18
151,SM Gavaskar (INDIA),108,102,3092,35.13,62.26,1,27
152,DS Lehmann (AUS),117,101,3078,38.96,81.34,4,17
153,DA Miller (SA),126,110,3058,38.7,100.13,5,12
154,GJ Bailey (AUS),90,85,3044,40.58,83.51,3,22
155,SD Hope (WI),72,67,3007,52.75,74.32,8,15
156,V Sibanda (Afr/ZIM),127,126,2994,24.54,63.48,2,21
157,DJ Bravo (WI),164,141,2968,25.36,82.3,2,10
158,AM Rahane (INDIA),90,87,2962,35.26,78.63,3,24
159,HH Streak (Afr/ZIM),189,159,2943,28.29,73.42,0,13
160,WW Hinds (WI),119,111,2880,28.51,65.55,5,14
161,GJ Maxwell (AUS),110,100,2877,32.32,123.37,1,19
162,JM Bairstow (ENG),74,68,2861,47.68,104.07,9,11
163,DM Bravo (WI),110,105,2839,30.85,70.18,3,18
164,IJL Trott (ENG),68,65,2819,51.25,77.06,4,22
165,AL Logie (WI),158,133,2809,28.95,73.9,1,14
166,AH Jones (NZ),87,87,2784,35.69,57.86,0,25
167,Mohammad Nabi (AFG),124,112,2782,27.82,85.54,1,15
168,SE Marsh (AUS),73,72,2773,40.77,81.41,7,15
169,M Kaif (INDIA),125,110,2753,32.01,72.03,2,17
170,SV Carlisle (ZIM),111,107,2740,27.67,63.35,3,9
171,MDKJ Perera (SL),98,93,2739,31.12,93,5,14
172,Mohammad Shahzad (AFG),84,84,2727,33.66,88.48,6,14
173,Salman Butt (PAK),78,78,2725,36.82,76.28,8,14
174,RG Twose (NZ),87,81,2717,38.81,75.4,1,20
175,GJ Whittall (ZIM),147,142,2705,22.54,67.43,0,11
176,RS Bopara (ENG),120,109,2695,30.62,77.84,1,14
177,BA Stokes (ENG),95,81,2682,40.63,93.94,3,20
178,Sikandar Raza (ZIM),97,93,2656,34.05,81.74,3,14
179,Mudassar Nazar (PAK),122,115,2653,25.26,51.71,0,16
180,EC Joyce (ENG/IRE),78,77,2622,38,72.23,6,15
181,Ahmed Shehzad (PAK),81,81,2605,32.56,72.08,6,14
182,NJ O'Brien (IRE),103,101,2581,28.05,70.94,1,18
183,Zaheer Abbas (PAK),62,60,2572,47.62,84.8,7,13
184,CR Ervine (ZIM),93,90,2571,32.54,75.48,3,15
185,AC Hudson (SA),89,88,2559,29.41,64.62,2,18
186,TWM Latham (NZ),95,88,2550,32.27,82.36,4,15
187,VG Kambli (INDIA),104,97,2477,32.59,71.94,2,14
188,Imrul Kayes (BDESH),78,78,2434,32.02,71.1,4,16
189,JDP Oram (NZ),160,116,2434,24.09,86.61,1,13
190,TM Odoyo (Afr/KENYA),136,119,2420,23.49,70.38,1,8
191,AD Hales (ENG),70,67,2419,37.79,95.72,6,14
192,RA Smith (ENG),71,70,2419,39.01,69.65,4,15
193,L Vincent (NZ),102,99,2413,27.11,69.88,3,11
194,KJ Coetzer (SCOT),59,57,2409,43.8,86.18,4,17
195,KA Pollard (WI),107,99,2398,26.06,94.14,3,10
196,CJ Chibhabha (ZIM),103,103,2389,23.65,63.13,0,16
197,GP Thorpe (ENG),82,77,2380,37.18,71.17,0,21
198,Rahmat Shah (AFG),73,69,2359,35.2,70.08,4,16
199,Asghar Afghan (AFG),111,105,2356,24.54,66.72,1,12
200,VVS Laxman (INDIA),86,83,2338,30.76,71.23,6,10
201,RR Singh (INDIA),136,113,2336,25.95,74.3,1,9
202,N Hussain (ENG),88,87,2332,30.28,66.99,1,16
203,GS Chappell (AUS),74,72,2331,40.18,75.7,3,14
204,Sarfaraz Ahmed (PAK),116,90,2302,33.85,87.79,2,11
205,SL Campbell (WI),90,87,2283,26.24,59.25,2,14
206,DL Vettori (ICC/NZ),295,187,2253,17.33,82.98,0,4
207,S Matsikenyeri (ZIM),113,110,2224,22.01,72.39,0,13
208,GM Wood (AUS),83,77,2219,33.62,59.57,3,11
209,NLTC Perera (SL),161,128,2210,19.73,111.67,1,10
210,MJ Greatbatch (NZ),84,83,2206,28.28,71.18,2,13
211,JC Adams (WI),127,105,2204,28.62,60.98,0,14
212,Shahriar Nafees (BDESH),75,75,2201,31.44,69.49,4,13
213,D Ramdin (WI),139,110,2200,25,80.35,2,8
214,RA Jadeja (INDIA),159,106,2188,31.25,86.04,0,11
215,CS MacLeod (SCOT),66,64,2175,37.5,82.92,8,8
216,Habibul Bashar (BDESH),111,105,2168,21.68,60.45,0,14
217,IT Botham (ENG),116,106,2113,23.21,79.1,0,9
218,MW Gatting (ENG),92,88,2095,29.5,70.58,1,9
219,NH Fairbrother (ENG),75,71,2092,39.47,72.06,1,16
220,RL Powell (WI),109,100,2085,24.82,96.66,1,8
221,CL White (AUS),91,77,2072,33.96,80.12,2,11
222,GC Wilson (IRE),105,99,2072,23.81,71.94,1,12
223,CO Obuya (KENYA),104,89,2044,25.55,68.56,0,11
224,Yasir Hameed (PAK),56,56,2028,36.87,66.95,3,12
225,WPUJC Vaas (Asia/SL),322,220,2025,13.68,72.42,0,1
226,KO Otieno (KENYA),90,87,2016,23.44,56.61,2,12
227,SV Manjrekar (INDIA),74,70,1994,33.23,64.3,1,15
228,MP Vaughan (ENG),86,83,1982,27.15,68.39,0,16
229,CH Lloyd (WI),87,69,1977,39.54,81.22,1,11
230,GD Elliott (NZ),83,69,1976,34.06,81.78,2,11
231,BKG Mendis (SL),73,71,1973,29.01,83.35,1,16
232,KJ Hughes (AUS),97,88,1968,24,67.42,0,17
233,A Bagai (CAN),62,60,1964,37.76,65.57,2,16
234,Fakhar Zaman (PAK),46,46,1958,46.61,95.23,4,13
235,LMP Simmons (WI),68,65,1958,31.58,73.05,2,16
236,Aftab Ahmed (BDESH),85,85,1954,24.73,83.04,0,14
237,PJL Dujon (WI),169,120,1945,23.15,67.51,0,6
238,M Amarnath (INDIA),85,75,1924,30.53,57.7,2,13
239,KLT Arthurton (WI),105,93,1904,26.08,67.46,0,9
240,Imran Nazir (PAK),79,79,1895,24.61,81.01,2,9
241,RD Berrington (SCOT),78,73,1882,28.08,74.24,1,13
242,Mohsin Khan (PAK),75,75,1877,26.81,55.64,2,8
243,JV Coney (NZ),88,80,1874,30.72,64.95,0,8
244,DJG Sammy (WI),126,105,1871,24.94,100.05,0,9
245,RD Jacobs (WI),147,112,1865,23.31,70.06,0,9
246,M Prabhakar (INDIA),130,98,1858,24.12,60.26,2,11
247,Azhar Ali (PAK),53,53,1845,36.9,74.45,3,12
248,OA Shah (ENG),71,66,1834,30.56,78.67,1,12
249,MW Goodwin (ZIM),71,70,1818,27.13,68.5,2,8
250,Khaled Mashud (BDESH),126,110,1818,21.9,54.84,0,7
251,BA Edgar (NZ),64,64,1814,30.74,49.22,1,10
252,A Balbirnie (IRE),64,61,1813,31.8,75.13,5,8
253,Samiullah Shinwari (AFG),84,74,1811,29.2,65.49,0,11
254,JO Holder (WI),112,89,1798,25.68,94.28,0,9
255,DJ Hussey (AUS),69,61,1796,32.65,90.7,1,14
256,MA Atherton (ENG),54,54,1791,35.11,58.64,2,12
257,Mashrafe Mortaza (Asia/BDESH),217,156,1786,13.84,87.67,0,1
258,MS Wade (AUS),94,80,1777,25.75,82.11,1,10
259,MM Ali (ENG),101,82,1766,25.59,104.06,3,5
260,IA Healy (AUS),168,120,1764,21,83.84,0,4
261,KD Karthik (INDIA),94,79,1752,30.2,73.24,0,9
262,Sir RJ Hadlee (NZ),115,98,1751,21.61,75.5,0,4
263,Soumya Sarkar (BDESH),55,54,1728,33.88,98.57,2,11
264,Imam-ul-Haq (PAK),37,37,1723,53.84,80.47,7,6
265,Imran Farhat (PAK),58,58,1719,30.69,69.06,1,13
266,CB Wishart (ZIM),90,82,1719,23.22,70.56,2,5
267,Rashid Latif (PAK),166,117,1709,19.42,76.39,0,3
268,DA Gunawardene (SL),61,61,1708,28.46,71.49,1,12
269,AT Rayudu (INDIA),55,50,1694,47.05,79.04,3,10
270,ND McKenzie (SA),64,55,1688,37.51,69.4,2,10
271,NC Johnson (ZIM),48,48,1679,36.5,70.28,4,11
272,BA Young (NZ),74,73,1668,24.52,61.03,0,9
273,UDU Chandana (SL),147,111,1627,17.3,72.99,0,5
274,CK Kapugedera (SL),102,84,1624,21.09,72.04,0,8
275,Haris Sohail (PAK),41,40,1614,46.11,85.17,2,13
276,GM Turner (NZ),41,40,1598,47,68.05,3,9
277,LPC Silva (SL),75,62,1587,28.85,70.4,1,13
278,Najibullah Zadran (AFG),67,62,1586,29.92,89.85,1,11
279,SC Williams (WI),57,55,1586,32.36,66.02,1,12
280,Saleem Elahi (PAK),48,47,1579,36.72,71.31,4,9
281,RL Dias (SL),58,55,1573,31.46,67.94,2,11
282,N Dickwella (SL),52,49,1571,32.72,93.56,2,9
283,DR Smith (WI),105,89,1560,18.57,92.69,0,8
284,UT Khawaja (AUS),40,39,1554,42,84.09,2,12
285,IK Pathan (INDIA),120,87,1544,23.39,79.54,0,5
286,RN ten Doeschate (NL),33,32,1541,67,87.7,5,9
287,DL Houghton (ZIM),63,60,1530,26.37,70.99,1,12
288,LRD Mendis (SL),79,74,1527,23.49,75.07,0,7
289,Azhar Mahmood (PAK),143,110,1521,18.1,76.5,0,3
290,RS Morton (WI),56,51,1519,33.75,66.36,2,10
291,JJ Crowe (NZ),75,71,1518,25.72,61.8,0,7
292,JM Kemp (Afr/SA),85,66,1512,31.5,83.12,1,10
293,RD Shah (KENYA),56,55,1506,27.88,65.53,1,12
294,MA Ouma (KENYA),80,77,1501,20.84,59.44,0,7
295,HJH Marshall (NZ),66,62,1454,27.43,73.06,1,12
296,DD Ebrahim (ZIM),82,76,1443,20.61,56.81,1,4
297,MR Marsh (AUS),53,49,1428,35.7,93.08,1,11
298,Nasir Jamshed (PAK),48,48,1418,31.51,75.38,3,8
299,SO Hetmyer (WI),43,40,1416,38.27,107.02,5,4
300,HA Gomes (WI),83,64,1415,28.87,54.88,1,6
301,N Boje (Afr/SA),115,71,1414,26.67,88.7,2,4
302,MO Odumbe (KENYA),61,59,1409,26.09,69.96,0,11
303,P Utseya (ZIM),164,132,1406,16.73,58.34,0,4
304,E Lewis (WI),48,45,1402,32.6,82.27,2,7
305,L Ronchi (AUS/NZ),85,68,1397,23.67,114.5,1,4
306,GP Howarth (NZ),70,65,1384,23.06,60.14,0,6
307,JD Ryder (NZ),48,42,1362,33.21,95.31,3,6
308,BC Broad (ENG),34,34,1361,40.02,55.61,1,11
309,DO Obuya (KENYA),74,73,1355,19.35,63.46,0,6
310,KM Jadhav (INDIA),71,50,1354,42.31,102.18,2,6
311,Asad Shafiq (PAK),60,58,1336,24.74,67.5,0,9
312,PG Fulton (NZ),49,46,1334,32.53,72.77,1,8
313,Sabbir Rahman (BDESH),66,59,1333,25.63,91.23,1,6
314,KMDN Kulasekara (SL),184,123,1327,15.43,81.46,0,4
315,JR Hopes (AUS),84,61,1326,25.01,93.71,0,3
316,SM Katich (AUS),45,42,1324,35.78,68.74,1,9
317,Javed Omar (BDESH),59,59,1312,23.85,51.89,0,10
318,Raqibul Hasan (BDESH),55,54,1308,27.82,61.32,0,8
319,AA Obanda (KENYA),49,45,1306,30.37,74.03,0,9
320,MS Sinclair (NZ),54,50,1304,28.34,62.51,2,8
321,PN Kirsten (SA),40,40,1293,38.02,56.02,0,9
322,J Charles (WI),48,48,1283,26.72,83.8,2,4
323,MJ Prior (ENG),68,62,1282,24.18,76.76,0,3
324,Nasir Hossain (BDESH),65,52,1281,29.11,79.81,1,6
325,TM Head (AUS),42,39,1273,34.4,90.02,1,10
326,NR Mongia (INDIA),140,96,1272,20.19,68.9,0,2
327,C Munro (NZ),57,53,1271,24.92,104.69,0,8
328,JEC Franklin (NZ),110,80,1270,23.96,76.92,0,4
329,AB Agarkar (INDIA),191,113,1269,14.58,80.62,0,3
330,Shoaib Mohammad (PAK),63,58,1269,24.4,50.92,1,8
331,Basit Ali (PAK),50,43,1265,34.18,75.79,1,9
332,MN Waller (ZIM),79,72,1259,19.07,76.81,0,5
333,MD Gunathilaka (SL),38,37,1249,34.69,85.9,2,8
334,JDS Neesham (NZ),59,50,1247,31.17,98.96,0,6
335,SP O'Donnell (AUS),87,64,1242,25.34,80.96,0,9
336,RR Rossouw (SA),36,35,1239,38.71,94.36,3,7
337,Harbhajan Singh (Asia/INDIA),236,128,1237,13.3,81.06,0,0
338,SG Law (AUS),54,51,1237,26.89,75.28,1,7
339,Alok Kapali (BDESH),69,66,1235,19.6,67.96,1,5
340,GM Hamilton (SCOT),38,38,1231,35.17,66.64,2,7
341,D Mongia (INDIA),57,51,1230,27.95,71.47,1,4
342,RW Marsh (AUS),92,76,1225,20.08,82.26,0,4
343,HDPK Dharmasena (SL),141,87,1222,22.62,65.03,0,4
344,Shaiman Anwar (UAE),40,40,1219,31.25,82.53,1,11
345,Noor Ali Zadran (AFG),51,50,1216,24.81,63.23,1,7
346,TM Moody (AUS),76,64,1211,23.28,69.31,0,10
347,Junaid Siddique (BDESH),54,53,1196,23,68.22,1,6
348,Mohammad Rafique (Asia/BDESH),125,106,1191,13.38,71.61,0,2
349,CR Woakes (ENG),99,68,1186,24.7,90.12,0,4
350,B Lee (AUS),221,110,1176,17.81,83.58,0,3
351,JA Rudolph (Afr/SA),45,39,1174,35.57,68.05,0,7
352,Nawroz Mangal (AFG),49,48,1139,27.11,75.33,2,4
353,MH Cross (SCOT),52,48,1136,24.17,73.95,2,5
354,T Mishra (KENYA),42,40,1128,34.18,73.53,0,8
355,HM Nicholls (NZ),45,43,1120,33.93,82.41,1,9
356,PL Mommsen (SCOT),44,42,1115,30.97,69.04,2,6
357,MF Maharoof (SL),109,75,1113,19.52,86.01,0,2
358,CJ Anderson (NZ),49,45,1109,27.72,108.72,1,4
359,HS Modi (KENYA),63,56,1109,23.59,58.18,0,5
360,ES Szwarczynski (NL),41,40,1102,29.78,68.23,0,10
361,VS Solanki (ENG),51,46,1097,26.75,72.93,2,5
362,B Zuiderent (NL),57,56,1097,23.84,58.56,0,8
363,PA Strang (ZIM),95,73,1090,22.24,66.02,0,0
364,G Boycott (ENG),36,34,1082,36.06,53.56,1,9
365,F Behardien (SA),59,49,1074,30.68,97.9,0,6
366,NL McCullum (NZ),84,62,1070,20.98,87.7,0,4
367,Asif Mujtaba (PAK),66,55,1068,26.04,63.91,1,6
368,DW Randall (ENG),49,45,1067,26.67,62.69,0,5
369,Hashmatullah Shahidi (AFG),39,39,1062,32.18,63.7,0,9
370,DS Smith (WI),47,45,1059,24.62,70.31,1,5
371,JK Kamande (KENYA),86,72,1055,17.29,62.61,0,3
372,IDS Smith (NZ),98,77,1055,17.29,99.43,0,3
373,C Kieswetter (ENG),46,40,1054,30.11,89.93,1,5
374,Anamul Haque (BDESH),38,35,1052,30.05,70.69,3,3
375,MP Stoinis (AUS),41,38,1050,33.87,91.86,1,6
376,KD Mills (NZ),170,101,1047,15.62,81.66,0,2
377,JM How (NZ),41,37,1046,29.05,66.53,1,7
378,Gulbadin Naib (AFG),65,56,1041,21.68,73.1,0,5
379,AD Russell (WI),56,47,1034,27.21,130.22,0,4
380,JP Faulkner (AUS),69,52,1032,34.4,104.24,1,4
381,DSBP Kuruppu (SL),54,52,1022,20.03,51.66,0,4
382,AG Prince (Afr/SA),52,41,1018,35.1,67.77,0,3
383,SK Warne (AUS/ICC),194,107,1018,13.05,72.04,0,1
384,SM Patil (INDIA),45,42,1005,24.51,82.17,0,9
385,KOA Powell (WI),46,44,1005,22.84,78.63,0,9
386,Rajin Saleh (BDESH),43,43,1005,23.92,54.82,1,6
387,PW Borren (NL),58,50,1004,22.31,85.37,0,5
388,NFI McCallum (SCOT),43,42,1002,27.83,69.05,2,4
389,Khaled Mahmud (BDESH),77,72,991,14.36,67.83,0,1
390,BL Cairns (NZ),78,65,987,16.72,104.88,0,2
391,MJ Slater (AUS),42,42,987,24.07,60.4,0,9
392,MJ Horne (NZ),50,48,980,20.41,64.68,0,5
393,Akram Khan (BDESH),44,44,976,23.23,56.71,0,5
394,TLW Cooper (NL),23,22,976,48.8,70.16,1,8
395,Javed Ahmadi (AFG),44,41,976,23.8,75.6,0,7
396,Naeem Islam (BDESH),59,51,975,27.08,66.19,0,5
397,DF Watts (SCOT),36,35,974,28.64,62.47,1,9
398,Waqar Younis (PAK),262,139,969,10.3,67.05,0,0
399,Fawad Alam (PAK),38,36,966,40.25,74.47,1,6
400,SA Thomson (NZ),56,52,964,22.95,67.55,0,5
401,JF Mooney (IRE),64,55,963,23.48,79.25,0,3
402,GM Ritchie (AUS),44,42,959,27.4,64.84,0,6
403,HH Pandya (INDIA),54,38,957,29.9,115.57,0,4
404,RR Watson (SCOT),35,35,956,30.83,74.33,1,6
405,MD Marshall (WI),136,83,955,14.92,76.64,0,2
406,SF Mire (ZIM),47,47,955,20.31,80.25,1,3
407,Imad Wasim (PAK),53,39,952,41.39,109.67,0,5
408,MG Johnson (AUS),153,91,951,16.11,96.35,0,2
409,RS Madugalle (SL),63,56,950,18.62,60.35,0,3
410,NT Broom (NZ),39,39,943,26.94,81.22,1,5
411,A Kumble (Asia/INDIA),271,136,938,10.53,61.06,0,0
412,CM Spearman (NZ),51,50,936,18.72,77.87,0,5
413,RV Uthappa (INDIA),46,42,934,25.94,90.59,0,6
414,W Barresi (NL),32,31,927,35.65,75.67,1,6
415,AN Kervezee (NL),39,36,924,28,73.15,0,4
416,S Dhaniram (CAN),44,41,915,24.72,81.26,0,6
417,AJ Hall (SA),88,56,905,21.04,75.04,0,3
418,Rashid Khan (AFG),71,56,905,19.25,99.88,0,4
419,MJ Santner (NZ),69,54,898,27.21,87.95,0,2
420,TD Paine (AUS),35,35,890,27.81,70.8,1,5
421,KL Rahul (INDIA),26,25,889,42.33,80.96,3,5
422,JWA Taylor (ENG),27,26,887,42.23,80.12,1,7
423,J Srinath (INDIA),229,121,883,10.63,79.62,0,1
424,Yashpal Sharma (INDIA),42,40,883,28.48,63.02,0,4
425,TT Bresnan (ENG),85,64,871,19.79,90.25,0,1
426,SHT Kandamby (SL),39,36,870,29,69.6,0,5
427,AC Voges (AUS),31,28,870,45.78,87.17,1,4
428,DJ Richardson (SA),122,77,868,19.72,66.87,0,1
429,MA Vermeulen (ZIM),43,43,868,22.25,70.74,0,6
430,HK Badani (INDIA),40,36,867,33.34,73.47,1,4
431,GO Jones (ENG/PNG),51,43,862,24.62,77.17,0,4
432,TT Samaraweera (SL),53,42,862,27.8,69.29,2,0
433,SB Smith (AUS),28,24,861,39.13,65.27,2,8
434,DL Amiss (ENG),18,18,859,47.72,72.48,4,1
435,RA Harper (WI),105,73,855,16.13,73.58,0,0
436,WB Phillips (AUS),48,41,852,24.34,85.71,0,6
437,CWJ Athey (ENG),31,30,848,31.4,56.72,2,4
438,RS Kalpage (SL),86,69,844,20.58,63.93,0,1
439,MAR Samarasekera (SL),39,39,844,22.81,69.92,0,4
440,D Ganga (WI),35,34,843,25.54,59.61,0,9
441,CA Ingram (SA),31,29,843,32.42,82.32,3,3
442,BM McMillan (SA),78,52,841,23.36,73.32,1,0
443,CK Coventry (ZIM),39,35,831,24.44,88.68,1,3
444,Anshuman Rath (HKG),18,18,828,51.75,76.66,1,7
445,PJ Moor (ZIM),49,45,827,20.67,67.51,0,4
446,DW Hookes (AUS),39,36,826,24.29,72.07,0,5
447,PJ Hughes (AUS),25,24,826,35.91,75.09,2,4
448,AI Kallicharran (WI),31,28,826,34.41,62.15,0,6
449,JR Ratnayeke (SL),78,69,824,14.98,52.45,0,1
450,GN Yallop (AUS),30,27,823,39.19,63.89,0,7
451,AC Waller (ZIM),39,38,818,23.37,69.79,0,4
452,DM de Silva (SL),42,39,814,25.43,75.86,0,4
453,Sharjeel Khan (PAK),25,25,812,32.48,113.4,1,6
454,YK Pathan (INDIA),57,41,810,27,113.6,2,3
455,AT Carey (AUS),29,26,804,40.2,91.99,0,4
456,JM Davison (CAN),32,32,799,26.63,104.17,1,5
457,Aminul Islam (BDESH),39,39,794,23.35,56.59,0,3
458,Z Khan (Asia/INDIA),200,101,792,12,73.46,0,0
459,GB Hogg (AUS),123,65,790,20.25,78.68,0,2
460,Majid Khan (PAK),23,22,786,37.42,74.71,1,7
461,S Wettimuny (SL),35,33,786,24.56,48.04,0,4
462,Babar Hayat (HKG),22,22,784,39.2,78.47,0,8
463,R Lamba (INDIA),32,31,783,27,67.15,1,6
464,IH Romaine (BMUDA),35,34,783,25.25,64.07,1,4
465,JA Morkel (Afr/SA),58,43,782,23.69,100.25,0,2
466,Wasim Raja (PAK),54,45,782,22.34,66.95,0,2
467,Abdur Razzak (BDESH),153,97,779,13.43,76.37,0,1
468,AR White (IRE),61,46,776,18.04,62.83,0,1
469,Liton Das (BDESH),33,33,768,24.77,88.17,1,3
470,Saleem Yousuf (PAK),86,62,768,17.86,75,0,4
471,CN Evans (ZIM),53,47,764,18.19,75.94,0,2
472,Rizwan Cheema (CAN),33,32,764,24.64,111.53,0,6
473,KWR Fletcher (ENG),24,22,757,39.84,66.75,1,5
474,J Dyson (AUS),29,27,755,32.82,48.61,0,4
475,AR Cusack (IRE),59,47,745,22.57,64.27,0,2
476,AG Cremer (ZIM),96,71,744,14.58,62.2,0,1
477,G Fowler (ENG),26,26,744,31,56.32,0,4
478,DT Johnston (IRE),67,53,743,19.55,94.64,0,0
479,Manzoor Elahi (PAK),54,46,741,22.45,89.6,0,1
480,AM Samad (CAN),27,27,740,29.6,70.81,1,2
481,A Vala (PNG),27,27,739,27.37,68.29,1,2
482,PA Patel (INDIA),38,34,736,23.74,76.5,0,4
483,Sohaib Maqsood (PAK),26,25,735,31.95,83.42,0,5
484,MW Machan (SCOT),23,22,734,33.36,77.1,1,3
485,CJ Nevin (NZ),37,36,732,20.33,73.2,0,4
486,N Pooran (WI),19,17,728,52,110.13,1,5
487,CJ Tavare (ENG),29,28,720,27.69,48.94,0,4
488,TP Ura (PNG),26,26,718,27.61,80.49,1,2
489,MA Ealham (ENG),64,45,716,17.46,65.56,0,0
490,IJ Harvey (AUS),73,51,715,17.87,88.16,0,0
491,Muhammad Usman (UAE),30,30,713,27.42,76.83,0,3
492,Saqlain Mushtaq (PAK),169,98,711,11.85,49.58,0,0
493,LJ Wright (ENG),50,39,707,20.2,86.21,0,2
494,Mohammad Rizwan (PAK),32,28,705,33.57,89.58,2,3
495,J Mubarak (SL),40,37,704,22.7,63.13,0,4
496,PA Wallace (WI),33,33,701,21.24,60.9,1,2
497,SM Ervine (ZIM),42,34,698,25.85,85.53,1,2
498,PL Symcox (SA),80,54,694,16.92,83.61,0,3
499,Rameez Shahzad (UAE),15,15,691,53.15,84.57,2,4
500,PAJ DeFreitas (ENG),103,66,690,16.04,83.83,0,1
501,N Deonarine (WI),31,29,682,26.23,68.95,0,4
502,Wahab Riaz (PAK),89,64,680,13.87,86.4,0,2
503,JR Murray (WI),55,36,678,22.6,72.98,0,5
504,TG Southee (NZ),140,85,676,12.75,98.54,0,1
505,R Ashwin (INDIA),111,61,675,16.07,86.98,0,1
506,Nizakat Khan (HKG),20,20,675,33.75,82.92,0,3
507,M Muralitharan (Asia/ICC/SL),350,162,674,6.8,77.56,0,0
508,IM Chappell (AUS),16,16,673,48.07,77,0,8
509,DA Marillier (ZIM),48,41,672,18.16,70.81,1,3
510,Rohan Mustafa (UAE),34,33,671,20.33,68.12,1,1
511,R Powell (WI),34,31,670,23.92,83.12,1,2
512,UC Hathurusingha (SL),35,33,669,20.9,50.75,0,4
513,AC Botha (IRE),42,38,666,19.58,68.65,0,2
514,HE van der Dussen (SA),18,14,664,73.77,81.87,0,7
515,CJ Ferguson (AUS),30,25,663,41.43,85.32,0,5
516,LE Plunkett (ENG),89,50,646,20.83,102.7,0,1
517,S Ramesh (INDIA),24,24,646,28.08,59.15,0,6
518,AK Markram (SA),26,24,643,27.95,85.16,0,2
519,Qasim Umar (PAK),31,31,642,22.92,57.06,0,4
520,Abdul Qadir (PAK),104,68,641,15.26,75.5,0,0
521,DL Hemp (BMUDA),22,22,641,33.73,70.28,1,4
522,CEL Ambrose (WI),176,96,639,10.65,64.87,0,0
523,BMAJ Mendis (SL),58,44,636,18.7,82.7,0,1
524,C de Grandhomme (NZ),38,29,633,27.52,107.28,0,3
525,JF Reid (NZ),25,24,633,27.52,58.39,0,4
526,DLS van Bunge (NL),37,31,633,21.1,66.42,0,3
527,PSP Handscomb (AUS),22,20,632,33.26,97.38,1,4
528,RMH Binny (INDIA),72,49,629,16.12,60.13,0,1
529,GR Larsen (NZ),121,70,629,14.62,64.84,0,0
530,AM Blignaut (ZIM),54,41,626,18.96,106.28,0,5
531,DJ Nash (NZ),81,53,624,15.6,66.38,0,0
532,DN Patel (NZ),75,63,623,11.75,71.77,0,1
533,RR Patel (KENYA),39,35,621,20.03,63.49,0,2
534,GRJ Matthews (AUS),59,50,619,16.72,67.94,0,1
535,WV Raman (INDIA),27,27,617,23.73,55.63,1,3
536,GJ Rennie (ZIM),40,37,617,19.9,66.48,0,2
537,SFAF Bacchus (WI),29,26,612,26.6,65.94,0,3
538,RJ Ratnayake (SL),70,55,612,16.54,86.8,0,0
539,J Botha (Afr/SA),78,50,609,19.03,85.77,0,0
540,D Gough (ENG/ICC),159,87,609,12.42,64.3,0,0
541,AJ Hollioake (ENG),35,30,606,25.25,75.09,0,3
542,RW Chakabva (ZIM),38,35,599,18.15,58.89,0,1
543,RIC Holder (WI),37,31,599,23.96,68.37,0,2
544,RT Robinson (ENG),26,26,597,22.96,58.18,0,3
545,BM Laird (AUS),23,23,594,29.7,53.75,1,2
546,Mansoor Akhtar (PAK),41,35,593,17.44,51.65,0,0
547,W Larkins (ENG),25,24,591,24.62,56.44,1,0
548,LOB Cann (BMUDA),26,25,590,26.81,117.06,0,1
549,AU Rashid (ENG),99,43,588,18.96,102.43,0,1
550,FDM Karunaratne (SL),28,24,586,26.63,73.15,0,4
551,RJ Nicol (NZ),22,21,586,30.84,75.51,2,2
552,SB Joshi (INDIA),69,45,584,17.17,89.43,0,1
553,RT Latham (NZ),33,33,583,20.1,57.83,0,1
554,Khurram Khan (UAE),16,16,582,41.57,80.27,1,3
555,R Mutumbami (ZIM),33,31,582,20.06,71.49,0,3
556,JL Carter (WI),33,28,581,23.24,70.68,0,3
557,GH Dockrell (IRE),87,57,579,16.54,69.34,0,2
558,DAS Gunaratne (SL),31,25,575,27.38,79.41,1,1
559,BJ Hodge (AUS),25,21,575,30.26,87.51,1,3
560,MJR Rindel (SA),22,22,575,27.38,66.86,1,2
561,Tushar Imran (BDESH),41,40,574,14.35,59.17,0,2
562,BJ Watling (NZ),28,25,573,24.91,68.37,0,5
563,C White (ENG),51,41,568,15.77,61.2,0,1
564,SL Malinga (SL),226,119,567,6.83,74.5,0,1
565,RM Haq (SCOT),54,40,566,16.64,60.79,0,3
566,KS More (INDIA),94,65,563,13.09,69.67,0,0
567,HG Munsey (SCOT),25,25,562,25.54,76.77,0,2
568,CR Brathwaite (WI),44,37,559,16.44,91.04,1,1
569,Mominul Haque (BDESH),28,26,557,22.28,74.36,0,3
570,Aamer Malik (PAK),24,23,556,25.27,56.21,0,5
571,RJ Peterson (SA),79,41,556,20.59,80.81,0,1
572,GS Blewett (AUS),32,30,551,20.4,61.97,0,2
573,JN Mohammed (WI),28,24,551,23.95,69.3,0,4
574,Mosaddek Hossain (BDESH),35,30,549,27.45,86.72,0,2
575,AL Phehlukwayo (SA),52,32,549,32.29,90,0,1
576,TJ Friend (ZIM),51,39,548,16.11,75.69,0,3
577,T Duffin (ZIM),23,23,546,23.73,54.98,0,3
578,Mohammad Wasim (PAK),25,25,543,23.6,52.06,0,3
579,XM Marshall (USA/WI),33,33,542,18.06,66.91,1,1
580,AP Kuiper (SA),25,23,539,33.68,81.41,0,3
581,P Willey (ENG),26,24,538,23.39,62.92,0,5
582,MC Snedden (NZ),93,54,535,15.28,63.46,0,1
583,Athar Ali Khan (BDESH),19,19,532,29.55,56.29,0,3
584,IS Billcliff (CAN),19,19,529,27.84,66.7,0,4
585,SCJ Broad (ENG),121,68,529,12.3,74.61,0,0
586,NN Odhiambo (KENYA),69,53,528,12,71.64,0,1
587,B Kumar (INDIA),114,52,526,14.21,74.82,0,1
588,Naved-ul-Hasan (PAK),74,51,524,15.87,84.51,0,0
589,Amjad Ali (UAE),17,17,520,30.58,76.47,0,3
590,LK Germon (NZ),37,31,519,19.96,65.94,0,3
591,Mudassar Bukhari (NL),46,34,516,17.2,76.9,0,2
592,TAM Siriwardana (SL),27,24,516,22.43,98.28,0,3
593,KM Dabengwa (ZIM),37,34,514,19.03,60.39,0,0
594,PK Amre (INDIA),37,30,513,20.52,64.2,0,2
595,Dawlat Zadran (AFG),82,56,513,17.68,77.25,0,0
596,KD Walters (AUS),28,24,513,28.5,70.08,0,2
597,JG Bracewell (NZ),53,43,512,16.51,71.4,0,0
598,DP Viljoen (ZIM),53,43,512,14.22,61.91,0,2
599,JM Brearley (ENG),25,24,510,24.28,45.53,0,3
600,WD Parnell (SA),65,38,508,21.16,78.39,0,1
601,AO Suji (KENYA),60,46,506,12.97,51.79,0,1
602,AN Petersen (SA),21,19,504,28,82.62,0,4
603,Taufeeq Umar (PAK),22,22,504,24,56.31,0,3
604,PR Reiffel (AUS),92,57,503,13.97,70.94,0,1
605,AR Nurse (WI),54,40,502,19.3,97.85,0,0
606,JE Emburey (ENG),61,45,501,14.31,75.45,0,0
607,Ghulam Shabber (UAE),23,23,500,21.73,62.5,0,4
608,GP Swann (ENG),79,48,500,13.88,90.41,0,0
609,JH Davey (SCOT),31,28,497,22.59,66.98,0,2
610,JJ Tucker (BMUDA),26,26,496,19.84,68.31,0,1
611,DJ Callaghan (SA),29,25,493,25.94,67.9,1,0
612,Mohammad Mithun (BDESH),24,21,493,25.94,74.81,0,4
613,Naimur Rahman (BDESH),29,27,488,19.52,63.29,0,0
614,JWM Dalrymple (ENG),27,26,487,19.48,72.47,0,2
615,AC Cummins (CAN/WI),76,49,486,13.5,82.93,0,0
616,R McLaren (SA),54,41,485,18.65,71.32,0,1
617,MRJ Veletta (AUS),20,19,484,32.26,75.38,0,2
618,CS Baugh (WI),47,35,482,20.08,67.03,0,0
619,AA Mulla (CAN),24,24,482,20.08,81,0,1
620,SR Patel (ENG),36,22,482,32.13,93.23,0,1
621,CD Wallace (SCOT),28,24,482,20.95,91.46,0,4
622,DJ Reekers (NL),19,19,481,25.31,117.03,1,0
623,TN de Grooth (NL),34,32,480,17.14,62.01,0,1
624,DA Minors (BMUDA),20,20,478,26.55,60.42,0,3
625,BG Rogers (ZIM),15,15,478,31.86,69.37,0,5
626,S Lee (AUS),45,35,477,17.66,95.4,0,0
627,SS Iyer (INDIA),12,10,476,47.6,104.84,0,6
628,Karim Sadiq (AFG),24,22,475,23.75,80.91,2,0
629,MA Leask (SCOT),34,28,474,21.54,108.46,0,3
630,CA Best (WI),24,23,473,24.89,68.55,1,2
631,AJ Bichel (AUS),67,36,471,20.47,78.5,0,1
632,L Siaka (PNG),25,25,471,18.84,75.23,1,1
633,H Patel (CAN),23,23,468,21.27,80.13,0,2
634,MD Shanaka (SL),22,19,468,26,115.84,0,3
635,CH Morris (SA),42,27,467,20.3,100.43,0,1
636,ALF de Mel (SL),57,41,466,14.56,78.31,0,0
637,AO Malhotra (INDIA),20,19,457,30.46,70.85,0,1
638,Umar Gul (PAK),130,65,457,9.72,71.18,0,0
639,C Sharma (INDIA),65,35,456,24,90.47,1,0
640,GEF Barnett (CAN),22,22,455,20.68,61.07,0,1
641,R Gunasekera (CAN),19,19,455,23.94,67.2,0,6
642,RR Hendricks (SA),18,18,455,26.76,76.98,1,2
643,MD Dai (PNG),18,18,454,28.37,77.6,0,3
644,Minhajul Abedin (BDESH),27,26,453,18.87,49.83,0,2
645,Mehrab Hossain (BDESH),18,18,449,24.94,58.84,1,2
646,WIA Fernando (SL),15,15,447,29.8,96.33,1,2
647,TE Blain (NZ),38,38,442,16.37,66.76,0,0
648,SAR Silva (SL),20,20,441,22.05,52.62,0,3
649,MK Pandey (INDIA),23,18,440,36.66,91.85,1,2
650,GR Viswanath (INDIA),25,23,439,19.95,52.89,0,2
651,RL Chase (WI),25,18,438,27.37,76.17,0,2
652,JP Maher (AUS),26,20,438,25.76,65.08,0,1
653,AH Omarshah (ZIM),28,28,437,16.8,50.81,0,1
654,PL Taylor (AUS),83,47,437,19.86,74.95,0,1
655,DN Chudasama (KENYA),20,19,434,22.84,63.35,1,1
656,CJ McDermott (AUS),138,78,432,7.08,87.8,0,0
657,CJO Smith (SCOT),27,26,432,19.63,67.5,0,2
658,Shafiqullah (AFG),24,21,430,22.63,105.39,0,2
659,DR Pringle (ENG),44,30,425,23.61,68.99,0,0
660,MN van Wyk (SA),17,17,425,26.56,68.88,0,4
661,AK Sharma (INDIA),31,27,424,20.19,90.4,0,3
662,RC Russell (ENG),40,31,423,17.62,66.3,0,1
663,AS Hansra (CAN),24,22,421,23.38,58.06,0,2
664,S Prasanna (SL),40,37,421,12.38,94.6,0,2
665,SMA Priyanjan (SL),23,20,420,23.33,80.45,0,2
666,AR Adams (NZ),42,34,419,17.45,100.47,0,0
667,SR Waters (KENYA),20,20,419,20.95,55.79,0,2
668,CO Browne (WI),46,32,415,17.29,70.33,0,0
669,Farhad Reza (BDESH),34,31,412,16.48,64.77,0,1
670,Usman Ghani (AFG),15,15,411,27.4,79.03,1,2
671,GB Brent (ZIM),70,54,408,12,58.45,0,1
672,CB Lambert (USA/WI),12,12,407,33.91,75.37,1,2
673,RW Price (ZIM),102,59,406,9.66,57.91,0,0
674,IR Bishop (WI),84,44,405,16.2,52.19,0,0
675,EA Brandes (ZIM),59,41,404,13.03,90.17,0,2
676,ID Blackwell (ENG),34,29,403,14.92,86.66,0,1
677,F Mutizwa (ZIM),17,15,403,31,80.27,0,4
678,JP Bray (IRE),15,15,401,28.64,67.5,2,0
679,RG de Alwis (SL),31,27,401,21.1,78.32,0,2
680,S Madan Lal (INDIA),67,35,401,19.09,62.17,0,1
681,TBM de Leede (NL),29,25,400,16.66,63.69,0,2
682,WS Jayantha (SL),17,17,400,26.66,75.47,0,2
683,Mushtaq Ahmed (PAK),144,76,399,9.5,57.16,0,0
684,Sohail Tanvir (PAK),62,40,399,13.75,87.11,0,1
685,DR Chumney (CAN),21,21,397,20.89,66.72,0,0
686,Mohammad Naveed (UAE),39,34,397,16.54,122.91,0,0
687,IA Karim (KENYA),9,9,396,44,75.86,2,1
688,AB Barath (WI),14,14,394,30.3,64.37,1,1
689,Shoaib Akhtar (Asia/ICC/PAK),163,84,394,8.95,73.23,0,0
690,T Thushara (SL),38,27,392,18.66,92.45,0,1
691,PJ Ongondo (Afr/KENYA),79,62,391,9.09,62.96,0,0
692,Mirwais Ashraf (AFG),46,38,387,14.33,71.27,0,1
693,AF Giles (ENG),62,35,385,17.5,69.87,0,0
694,Hannan Sarkar (BDESH),20,20,383,19.15,53.71,0,3
695,Sadiq Mohammad (PAK),19,19,383,21.27,50.72,0,2
696,Mehidy Hasan Miraz (BDESH),38,24,381,19.05,76.5,0,1
697,MH Dekker (ZIM),23,22,379,18.95,47.49,0,2
698,DM Wellham (AUS),17,17,379,25.26,54.22,0,1
699,S Bau (PNG),21,21,378,18.9,62.79,0,1
700,U Bhatti (CAN),36,30,378,17.18,73.68,0,0
701,GF Lawson (AUS),79,52,378,11.11,75.6,0,0
702,MR Ramprakash (ENG),18,18,376,26.85,69.11,0,1
703,Al Sahariar (BDESH),29,29,374,13.35,52.75,0,2
704,CC Lewis (ENG),53,40,374,14.38,81.48,0,0
705,SMH Kirmani (INDIA),49,31,373,20.72,60.55,0,0
706,DS de Silva (SL),41,29,371,19.52,53.69,0,0
707,S Chattergoon (WI),18,17,370,24.66,60.16,0,2
708,PJ Forrest (AUS),15,14,368,26.28,65.59,1,3
709,DW Steyn (Afr/SA),125,51,365,9.35,64.94,0,1
710,WM Darling (AUS),18,18,363,21.35,53.46,0,1
711,Mohammad Amir (PAK),61,30,363,18.15,81.75,0,2
712,SP Narine (WI),65,45,363,11,82.31,0,0
713,SS Karim (INDIA),34,27,362,15.73,64.64,0,1
714,R Rampaul (WI),92,40,362,12.48,76.69,0,1
715,Shahriar Hossain (BDESH),20,19,362,19.05,53.07,0,2
716,SW Ambris (WI),9,8,361,60.16,101.97,1,1
717,Asif Ali (PAK),18,14,361,27.76,128.92,0,3
718,DG Brownlie (NZ),16,15,361,25.78,74.27,0,1
719,Hazratullah Zazai (AFG),16,16,361,22.56,88.26,0,2
720,WK McCallan (IRE),39,28,361,20.05,86.15,0,1
721,RC Irani (ENG),31,30,360,14.4,65.57,0,1
722,Mushfiqur Rahman (BDESH),28,25,360,16.36,52.17,0,0
723,BJ Patel (KENYA),31,25,360,16.36,48.91,0,0
724,AD Brown (ENG),16,16,354,22.12,82.9,1,1
725,ADS Fletcher (WI),25,25,354,14.16,64.48,0,2
726,Nasir Jamal (AFG),16,14,352,27.07,65.54,0,3
727,Wajahatullah Wasti (PAK),15,15,349,23.26,48.94,0,1
728,Aaron Jones (USA),9,9,348,38.66,66.79,0,3
729,MA Starc (AUS),85,46,348,12.42,89.46,0,1
730,Zahid Fazal (PAK),19,18,348,23.2,59.58,0,2
731,RR Pant (INDIA),15,13,346,26.61,105.48,0,1
732,RDB Croft (ENG),50,36,345,14.37,66.47,0,0
733,Ashfaq Ahmed (UAE),16,16,344,21.5,88.88,0,2
734,GP Wickramasinghe (SL),134,64,344,8.6,63.35,0,0
735,DNT Zoysa (SL),95,47,343,13.19,95.81,0,0
736,HH Kanitkar (INDIA),34,27,339,17.84,66.21,0,1
737,M Vijay (INDIA),17,16,339,21.18,66.99,0,1
738,BE Congdon (NZ),11,9,338,56.33,71.61,1,2
739,CM Old (ENG),32,25,338,18.77,84.28,0,1
740,Shadab Khan (PAK),43,22,337,25.92,68.63,0,3
741,MG Burgess (NZ),26,20,336,16.8,65.24,0,0
742,NM Hauritz (AUS),58,32,336,22.4,96.27,0,1
743,SD Outerbridge (BMUDA),23,23,336,14.6,54.9,0,1
744,Tapash Baisya (BDESH),56,41,336,12,58.33,0,0
745,SS Pathirana (SL),18,14,332,25.53,86.68,0,1
746,KA Edwards (WI),16,16,331,23.64,67,1,0
747,Manjural Islam Rana (BDESH),25,21,331,20.68,49.55,0,1
748,S Mukuddem (BMUDA),20,18,331,23.64,50.92,0,1
749,Adnan Mufti (UAE),18,16,330,27.5,80.68,0,1
750,Asif Iqbal (PAK),10,8,330,55,70.81,0,5
751,ZE Surkari (CAN),23,22,328,17.26,50,0,0
752,DJ Capel (ENG),23,19,327,19.23,68.26,0,1
753,MH Yardy (ENG),28,24,326,20.37,69.06,0,2
754,ML Nkala (ZIM),50,35,324,10.8,61.59,0,0
755,Saeed Ajmal (PAK),113,70,324,7.04,60.56,0,0
756,RP Snell (SA),42,28,322,16.1,97.57,0,2
757,KJJ van Noortwijk (NL),9,9,322,46,75.23,1,1
758,Anwar Ali (PAK),22,16,321,29.18,87.46,0,0
759,CA Walsh (WI),205,79,321,6.97,71.17,0,0
760,RB McCosker (AUS),14,14,320,22.85,51.36,0,2
761,DR Brown (ENG/SCOT),25,24,319,17.72,66.32,0,1
762,HP Rinke (ZIM),18,18,317,17.61,83.86,0,3
763,Faisal Iqbal (PAK),18,16,314,22.42,60.5,1,0
764,NAM McLean (WI),45,34,314,12.07,81.98,0,1
765,Mohammad Sami (PAK),87,46,314,11.62,64.08,0,0
766,B Wood (ENG),13,12,314,31.4,48.53,0,2
767,VV Morea (PNG),13,13,313,26.08,68.04,0,3
768,RC Fredericks (WI),12,12,311,25.91,70.68,1,1
769,BR Hartland (NZ),16,16,311,20.73,49.91,0,2
770,Chirag Suri (UAE),14,14,310,22.14,56.88,0,2
771,N Chopra (INDIA),39,26,310,15.5,62.24,0,1
772,BC Hollioake (ENG),20,17,309,20.6,81.1,0,2
773,Nafees Iqbal (BDESH),16,16,309,19.31,54.4,0,2
774,KAJ Roach (WI),92,57,308,13.39,53.47,0,0
775,Ihsanullah (AFG),16,16,307,21.92,69.77,0,3
776,DM Benkenstein (SA),23,20,305,17.94,65.87,0,1
777,TK Musakanda (ZIM),15,15,304,21.71,79.58,0,1
778,LE Bosman (Afr/SA),14,12,301,25.08,98.68,0,2
779,CMW Read (ENG),36,24,300,17.64,73.17,0,0
780,WKM Benjamin (WI),85,52,298,7.45,73.39,0,0
781,GS Ballance (ENG),16,15,297,21.21,67.04,0,2
782,PA Nixon (ENG),19,18,297,21.21,85.59,0,0
783,Zahoor Elahi (PAK),14,14,297,22.84,58.57,0,3
784,CJA Amini (PNG),15,15,296,21.14,68.83,0,2
785,DN Crookes (SA),32,23,296,14.8,71.84,0,1
786,AJ Pycroft (ZIM),20,19,295,17.35,52.67,0,2
787,DR Tuffey (NZ),94,52,295,9.51,79.3,0,0
788,DL Murray (WI),26,17,294,24.5,62.82,0,2
789,SJ Myburgh (NL),13,13,294,24.5,86.72,0,2
790,JL Denly (ENG),13,11,293,26.63,65.54,0,2
791,SE Bond (NZ),82,40,292,16.22,76.04,0,0
792,P Kumar (INDIA),68,33,292,13.9,88.21,0,1
793,SM Sharif (SCOT),44,33,292,17.17,74.11,0,0
794,Tanwir Afzal (HKG),20,19,292,18.25,114.5,0,1
795,RN Lewis (WI),28,21,291,18.18,79.29,0,0
796,DA Reeve (ENG),29,21,291,24.25,74.8,0,0
797,CS Pandit (INDIA),36,23,290,20.71,72.5,0,0
798,Sanwar Hossain (BDESH),27,27,290,11.6,48.57,0,1
799,SMSM Senanayake (SL),49,33,290,13.18,93.24,0,0
800,JN Gillespie (AUS),97,39,289,12.56,78.53,0,0
801,IDR Bradshaw (WI),62,34,287,12.47,59.79,0,0
802,KM Curran (ZIM),11,11,287,26.09,66.74,0,2
803,LG Howell (NZ),12,12,287,23.91,73.96,0,4
804,MK Tiwary (INDIA),12,12,287,26.09,71.21,1,1
805,D Lloyd (ENG),8,8,285,40.71,54.18,1,0
806,VJ Marks (ENG),34,24,285,13.57,65.66,0,0
807,JAR Blain (SCOT),33,25,284,14.94,54.93,0,0
808,NO Miller (WI),50,27,284,20.28,79.1,0,1
809,LP van Troost (NL),23,20,284,15.77,62.28,0,0
810,A Dananjaya (SL),36,27,283,12.86,68.85,0,1
811,MA Holding (WI),102,42,282,9.09,74.8,0,2
812,MA Jones (SCOT),8,8,281,35.12,70.07,0,3
813,Hasan Ali (PAK),53,29,280,14,113.36,0,2
814,S Randiv (SL),31,18,280,17.5,73.29,0,1
815,CL King (WI),18,14,280,23.33,104.86,0,1
816,RS Sodhi (INDIA),18,14,280,25.45,73.49,0,2
817,DJ Willey (ENG),46,27,279,18.6,82.3,0,1
818,KC Brathwaite (WI),10,10,278,27.8,57.55,0,1
819,JE Taylor (WI),90,42,278,8.42,86.06,0,0
820,AV Vadher (KENYA),18,16,278,27.8,54.29,0,2
821,Mehrab Hossain jnr (BDESH),18,16,276,17.25,42.99,0,1
822,JM Anderson (ENG),194,79,273,7.58,48.66,0,0
823,DT Christian (AUS),19,18,273,21,88.92,0,0
824,GH Worker (NZ),10,10,272,34,71.76,0,3
825,SW Billings (ENG),15,12,271,22.58,90.93,0,2
826,JW Hastings (AUS),29,21,271,27.1,99.26,0,1
827,DT Tiripano (ZIM),31,22,271,16.93,57.9,0,0
828,Umar Amin (PAK),16,16,271,18.06,69.13,0,1
829,AM Bacher (SA),13,13,270,20.76,57.56,0,1
830,Jahurul Islam (BDESH),14,13,270,22.5,72.77,0,1
831,KBJ Azad (INDIA),25,21,269,14.15,67.25,0,0
832,AD Gaekwad (INDIA),15,14,269,20.69,52.84,0,1
833,AW Greig (ENG),22,19,269,16.81,71.16,0,0
834,M Morkel (Afr/SA),117,47,268,9.24,75.7,0,0
835,Aaqib Javed (PAK),163,51,267,10.68,58.55,0,0
836,Shamsur Rahman (BDESH),10,10,266,26.6,76,0,2
837,CA Soper (PNG),20,19,265,17.66,53.42,0,0
838,JM Vince (ENG),13,11,265,24.09,88.62,0,1
839,Afsar Zazai (AFG),17,16,264,17.6,54.09,0,2
840,MH Denness (ENG),12,11,264,29.33,63.3,0,1
841,S Jyoti (CAN),14,13,264,22,59.72,1,0
842,SP Patil (UAE),13,12,263,26.3,65.09,0,2
843,HJW Gardiner (SCOT),11,11,262,23.81,66.16,0,2
844,Mohammad Saifuddin (BDESH),20,12,262,29.11,81.36,0,2
845,Naved Latif (PAK),11,11,262,23.81,62.82,1,0
846,Aizaz Khan (HKG),19,15,260,20,69.51,0,0
847,MD Patel (USA),9,9,260,32.5,66.32,0,2
848,AR McBrine (IRE),42,25,259,16.18,72.75,0,1
849,K Rabada (SA),75,28,259,16.18,77.77,0,0
850,Ahmed Raza (UAE),28,24,258,12.9,55.72,0,1
851,KJ Wadsworth (NZ),13,10,258,28.66,77.24,1,0
852,ML Udawatte (SL),9,9,257,28.55,67.1,0,2
853,SS Dighe (INDIA),23,17,256,23.27,60.8,0,1
854,R Edwards (AUS),9,8,255,36.42,73.06,0,3
855,AD Poynter (IRE),19,16,255,19.61,61.89,0,2
856,N Vanua (PNG),23,20,254,14.94,87.88,0,0
857,S Ranatunga (SL),13,11,253,23,48.09,0,2
858,IP Butchart (ZIM),20,16,252,18,63.79,0,1
859,NM Coulter-Nile (AUS),32,21,252,16.8,96.18,0,1
860,J Edness (BMUDA),11,11,252,28,62.53,0,1
861,JFM Morrison (NZ),18,15,252,21,53.38,0,1
862,HA Varaiya (KENYA),63,38,252,12,51.53,0,0
863,H Klaasen (SA),14,13,251,22.81,86.25,0,1
864,JJ Atkinson (HKG),9,9,250,27.77,62.81,0,1
865,JAH Marshall (NZ),10,10,250,25,79.87,1,1
866,CT Radley (ENG),4,4,250,83.33,68.11,1,1
867,AR Caddick (ENG),54,38,249,12.45,63.03,0,0
868,GF Labrooy (SL),44,36,249,8.58,71.14,0,0
869,JD Campbell (WI),6,5,248,49.6,115.88,1,0
870,JM Parker (NZ),24,20,248,12.4,61.53,0,1
871,RB Reid (NZ),9,9,248,27.55,55.35,0,2
872,RH Vance (NZ),8,8,248,31,51.55,0,1
873,MA Suji (KENYA),64,52,247,8.23,46.95,0,0
874,A Turner (AUS),6,6,247,41.16,79.93,1,0
875,K Doriga (PNG),14,13,246,22.36,63.4,0,1
876,AD Mascarenhas (ENG),20,13,245,22.27,95.33,0,1
877,SM Davies (ENG),8,8,244,30.5,105.62,0,1
878,JP Kotze (NAM),5,5,244,48.8,91.38,1,0
879,RAS Lakmal (SL),85,48,244,9.38,60.39,0,0
880,Qaiser Ali (CAN),17,17,244,15.25,63.7,0,2
881,RP Burl (ZIM),18,15,243,20.25,68.06,0,1
882,BP Patel (INDIA),10,9,243,30.37,60.9,0,1
883,PR Downton (ENG),28,20,242,16.13,67.59,0,0
884,Hasan Raza (PAK),16,13,242,18.61,50.41,0,1
885,MJ Di Venuto (AUS),9,9,241,26.77,85.76,0,2
886,GD Drummond (SCOT),30,20,240,18.46,91.6,0,0
887,DK Lillee (AUS),63,34,240,9.23,75,0,0
888,CM Wright (SCOT),20,18,240,16,68.37,0,0
889,Amjad Javed (UAE),15,13,239,19.91,89.51,0,1
890,CRD Fernando (Asia/SL),147,61,239,9.19,60.96,0,0
891,J Garner (WI),98,41,239,9.19,66.38,0,0
892,T Panyangara (ZIM),65,49,239,6.63,51.61,0,0
893,KJ Arnott (ZIM),13,12,238,23.8,48.47,0,3
894,DC Thomas (WI),21,19,238,14,65.38,0,0
895,NS Poonia (SCOT),21,21,237,11.28,62.86,0,1
896,Enamul Haque (BDESH),29,26,236,11.23,49.26,0,0
897,GJ Hopkins (NZ),25,17,236,14.75,75.88,0,0
898,LM Jongwe (ZIM),22,19,236,14.75,77.88,0,0
899,Khurram Manzoor (PAK),7,7,236,33.71,62.93,0,3
900,GR Codrington (CAN),17,15,235,19.58,63.17,0,0
901,JP Crawley (ENG),13,12,235,21.36,57.59,0,2
902,P Khadka (NEPAL),6,6,235,39.16,82.16,1,1
903,PJ Cummins (AUS),58,35,234,10.17,71.34,0,0
904,Iftikhar Anjum (PAK),62,34,234,15.6,61.9,0,0
905,Ikram Alikhil (AFG),12,12,234,26,60.62,0,2
906,P Mustard (ENG),10,10,233,23.3,92.46,0,1
907,AME Roberts (WI),56,32,231,10.04,64.7,0,0
908,STR Binny (INDIA),14,11,230,28.75,93.49,0,1
909,TM Chappell (AUS),20,13,229,17.61,62.73,1,0
910,SHU Karnain (SL),19,17,229,19.08,59.32,0,0
911,TM Dowlin (WI),11,11,228,25.33,65.51,1,1
912,DR Flynn (NZ),20,17,228,15.2,63.33,0,0
913,AY Karim (KENYA),34,24,228,12.66,60.8,0,1
914,SR Thompson (IRE),20,15,228,16.28,90.83,0,0
915,M Dillon (WI),108,51,227,7.32,55.23,0,0
916,AMJ Hilditch (AUS),8,8,226,28.25,47.47,0,1
917,Raza-ur-Rehman (CAN),6,5,225,45,85.87,0,3
918,BP Julian (AUS),25,17,224,13.17,89.6,0,0
919,KR Stackpole (AUS),6,6,224,37.33,57.88,0,3
920,JH Edrich (ENG),7,6,223,37.16,68.61,0,2
921,V Shankar (INDIA),12,8,223,31.85,90.65,0,0
922,KM Jarvis (ZIM),49,33,222,9.65,65.87,0,0
923,Aqib Ilyas (OMAN),5,5,221,44.2,78.36,0,2
924,BKV Prasad (INDIA),161,63,221,6.9,60.21,0,0
925,Sarfraz Nawaz (PAK),45,31,221,9.6,64.05,0,0
926,Wasim Bari (PAK),51,26,221,17,51.27,0,0
927,HS Baidwan (CAN),32,22,220,14.66,64.89,0,0
928,DR Lockhart (SCOT),14,11,218,24.22,63.92,0,0
929,Y Venugopal Rao (INDIA),16,11,218,24.22,60.05,0,1
930,NR Kumar (CAN),16,15,217,15.5,54.65,0,0
931,FA Rose (WI),27,23,217,12.05,81.88,0,0
932,EO Simons (SA),23,18,217,15.5,73.55,0,0
933,V Dahiya (INDIA),19,15,216,16.61,80.89,0,1
934,WK Lees (NZ),31,24,215,11.31,70.03,0,0
935,NO Perry (WI),21,16,212,26.5,62.35,0,1
936,FRJ Coleman (SCOT),16,14,211,15.07,61.33,0,1
937,MJ Henry (NZ),52,21,211,15.07,100,0,0
938,KS Lokuarachchi (SL),21,18,210,14,80.15,0,1
939,CPH Ramanayake (SL),62,35,210,10,56.14,0,0
940,Tahir Naqqash (PAK),40,23,210,15,86.77,0,1
941,Mushtaq Mohammad (PAK),10,9,209,34.83,59.2,0,1
942,MHW Papps (NZ),6,6,207,51.75,60.52,0,2
943,DL Bairstow (ENG),21,20,206,14.71,52.82,0,0
944,AR Berenger (UAE),10,10,205,20.5,67.43,0,2
945,PE McEwan (NZ),17,15,204,13.6,58.95,0,0
946,JA Rennie (ZIM),44,27,201,13.4,51.4,0,0
947,APE Knott (ENG),20,14,200,20,80.97,0,1
948,NW Bracken (AUS),116,35,199,11.7,70.56,0,0
949,AJ Burger (NAM),6,6,199,33.16,100.5,0,1
950,Mohammad Nawaz (3) (PAK),15,12,199,22.11,93.42,0,1
951,Moin-ul-Atiq (PAK),5,5,199,39.8,71.32,1,0
952,M Ntini (ICC/SA),173,47,199,8.65,66.77,0,0
953,Ijaz Faqih (PAK),27,19,197,12.31,56.12,0,0
954,GA Lamb (ZIM),15,14,197,17.9,51.7,0,0
955,MR Swart (NL),12,11,197,19.7,72.42,0,1
956,T Maruma (ZIM),21,18,196,11.52,59.39,0,0
957,AP Devcich (NZ),12,11,195,17.72,77.07,0,1
958,GSNFG Jayasuriya (SL),12,10,195,21.66,71.42,0,1
959,ASA Perera (SL),20,13,195,17.72,75.87,0,1
960,Akram Raza (PAK),49,25,193,17.54,62.25,0,0
961,PJ Ingram (NZ),8,7,193,27.57,81.09,0,1
962,C Pringle (NZ),64,41,193,8.77,75.39,0,0
963,V Rathour (INDIA),7,7,193,27.57,58.3,0,2
964,Simi Singh (IRE),15,14,193,14.84,58.13,0,0
965,MM Iqbal (SCOT),13,12,192,24,53.33,0,1
966,CJ Smith (BMUDA),12,12,192,16,78.36,0,1
967,Abid Ali (PAK),4,4,191,47.75,97.44,1,1
968,DAG Fletcher (ZIM),6,6,191,47.75,66.08,0,2
969,TN Madondo (ZIM),13,13,191,15.91,57.7,0,1
970,Mohammad Boota (UAE),9,9,191,23.87,75.79,0,1
971,Shabir Noori (AFG),10,10,191,19.1,63.66,0,1
972,CJ McKay (AUS),59,31,190,9.04,56.37,0,0
973,Mohammad Shahzad (UAE),6,6,190,31.66,84.44,0,2
974,Usman Limbada (CAN),11,11,189,18.9,66.54,0,1
975,BAW Mendis (SL),87,42,188,8.17,71.48,0,0
976,TJ Murtagh (IRE),58,36,188,7.83,63.08,0,0
977,T Mupariwa (ZIM),40,32,185,8.4,56.92,0,0
978,SW Poynter (IRE),21,19,185,13.21,66.54,0,0
979,EAE Baptiste (WI),43,16,184,15.33,76.34,0,0
980,JL Ontong (Afr/SA),28,16,184,13.14,68.91,0,0
981,Saadat Ali (PAK),8,7,184,30.66,53.95,0,1
982,Sohag Gazi (BDESH),20,16,184,15.33,86.38,0,0
983,SI de Saram (SL),15,13,183,16.63,67.77,0,0
984,SJ Benn (WI),47,30,182,7.91,75.83,0,0
985,SR Taylor (USA),9,9,182,20.22,68.67,0,1
986,AR Patel (INDIA),38,20,181,12.92,95.26,0,0
987,JR Thomson (AUS),50,30,181,7.54,64.64,0,0
988,SB Bangar (INDIA),15,15,180,13.84,75.31,0,1
989,DG Cork (ENG),32,21,180,10,66.42,0,0
990,WF Stelling (NL),15,11,180,30,66.17,0,0
991,B Warnapura (SL),12,12,180,15,43.37,0,1
992,Mazhar Hussain (UAE),7,7,179,25.57,53.59,0,1
993,DM Richards (WI),8,7,179,25.57,71.31,0,2
994,TK Curran (ENG),17,11,178,44.5,107.22,0,0
995,SC Khanna (INDIA),10,10,176,22,66.41,0,2
996,TC Bastiampillai (CAN),13,13,175,13.46,58.13,0,0
997,BR Blair (NZ),14,14,174,14.5,68.77,0,0
998,GC Dyer (AUS),23,13,174,15.81,76.65,0,0
